{
  "id": "",
  "name": "",
  "font_family": "iconfont",
  "css_prefix_text": "icon-",
  "description": "",
  "glyphs": [
    {
      "icon_id": "1370",
      "name": "放大",
      "font_class": "fangda",
      "unicode": "f01b9",
      "unicode_decimal": 983481
    },
    {
      "icon_id": "26894175",
      "name": "方法",
      "font_class": "a-dangan_huaban1fuben13",
      "unicode": "e69d",
      "unicode_decimal": 59037
    },
    {
      "icon_id": "26894176",
      "name": "班级",
      "font_class": "a-dangan_huaban1fuben6",
      "unicode": "e69e",
      "unicode_decimal": 59038
    },
    {
      "icon_id": "26894177",
      "name": "数据",
      "font_class": "a-dangan_huaban1fuben9",
      "unicode": "e69f",
      "unicode_decimal": 59039
    },
    {
      "icon_id": "26894178",
      "name": "饼图",
      "font_class": "a-dangan_huaban1fuben18",
      "unicode": "e6a0",
      "unicode_decimal": 59040
    },
    {
      "icon_id": "32276783",
      "name": "沙滩球",
      "font_class": "shatanqiu",
      "unicode": "e6eb",
      "unicode_decimal": 59115
    },
    {
      "icon_id": "32276784",
      "name": "儿童椅",
      "font_class": "ertongyi",
      "unicode": "e6ec",
      "unicode_decimal": 59116
    },
    {
      "icon_id": "32276786",
      "name": "婴儿床",
      "font_class": "yingerchuang",
      "unicode": "e6ed",
      "unicode_decimal": 59117
    },
    {
      "icon_id": "34761684",
      "name": "shopping",
      "font_class": "shopping",
      "unicode": "e60b",
      "unicode_decimal": 58891
    },
    {
      "icon_id": "34761686",
      "name": "qq",
      "font_class": "qq",
      "unicode": "e60c",
      "unicode_decimal": 58892
    }
  ]
}
